Категория,Ссылка
Детский мир,https://www.olx.uz/detskiy-mir/
Недвижимость,https://www.olx.uz/nedvizhimost/
Транспорт,https://www.olx.uz/transport/
Работа,https://www.olx.uz/rabota/
Животные,https://www.olx.uz/zhivotnye/
Дом и сад,https://www.olx.uz/dom-i-sad/
Электроника,https://www.olx.uz/elektronika/
Бизнес и услуги,https://www.olx.uz/uslugi/
Мода и стиль,https://www.olx.uz/moda-i-stil/
"Хобби, отдых и спорт",https://www.olx.uz/hobbi-otdyh-i-sport/
Отдам даром,https://www.olx.uz/otdam-darom/
Обмен,https://www.olx.uz/obmen-barter/
Ремонт кондиционеров,https://www.olx.uz/uslugi/obsluzhivanie-remont-tehniki/klimaticheskaya-tehnika/?currency=UZS&search%5Border%5D=created_at:desc&search%5Bfilter_enum_klimaticheskaya_tehnika_type%5D%5B0%5D=air_conditioners&utm_medium=main_page&utm_campaign=conditioner_repair
Дачи,https://www.olx.uz/nedvizhimost/posutochno_pochasovo/dachi/?currency=UZS&search%5Border%5D=created_at:desc&utm_medium=main_page&utm_campaign=dacha
