Объявление,Цена,Ссылка
New holland B90B,500 000 000 сум,https://www.olx.uz/d/obyavlenie/new-holland-b90b-ID44eWH.html?reason=hp%7Cpromoted,Турткуль,14 июня 2025 г.
Мейн-кун…Котята ищут любящих родителей.,6 358 150 сум,https://www.olx.uz/d/obyavlenie/meyn-kunkotyata-ischut-lyubyaschih-roditeley-ID44hL3.html?reason=hp%7Cpromoted,"Ташкент, Сергелийский район",12 июня 2025 г.
Playstation 3 bonus 4 pult,1 907 445 сум,https://www.olx.uz/d/obyavlenie/playstation-3-bonus-4-pult-ID43T6z.html?reason=hp%7Cpromoted,Маргилан,14 июня 2025 г.
Керамзит от производителя. тоза махсулот.,1 000 сум,https://www.olx.uz/d/obyavlenie/keramzit-ot-proizvoditelya-toza-mahsulot-ID3hh18.html?reason=hp%7Cpromoted,Нукус,14 июня 2025 г.
muravey gibrid sotiladi narxini kelshamz,20 000 сум,https://www.olx.uz/d/obyavlenie/muravey-gibrid-sotiladi-narxini-kelshamz-ID44num.html?reason=hp%7Cpromoted,Сырдарья,14 июня 2025 г.
Гостиница без ЗАГС! Ресепшен 24/7,250 000 сум,https://www.olx.uz/d/obyavlenie/gostinitsa-bez-zags-resepshen-24-7-ID3dccv.html?reason=hp%7Cpromoted,"Ташкент, Яккасарайский район",14 июня 2025 г.
"AIRCOOLER, воздушный охладитель, био охладитель",11 444 670 сум,https://www.olx.uz/d/obyavlenie/aircooler-vozdushnyy-ohladitel-bio-ohladitel-ID1YZJw.html?reason=hp%7Cpromoted,"Ташкент, Алмазарский район",12 июня 2025 г.
Oyoq kiyim shkaf.obuvnitsa. Prixojka,760 000 сум,https://www.olx.uz/d/obyavlenie/oyoq-kiyim-shkaf-obuvnitsa-prixojka-ID3BxII.html?reason=hp%7Cpromoted,"Ташкент, Шайхантахурский район",14 июня 2025 г.
8 тб Жесткий диск HDD 8TB WD PURPLE камеры видеонаблюдения Hikvision,1 589 538 сум,https://www.olx.uz/d/obyavlenie/8-tb-zhestkiy-disk-hdd-8tb-wd-purple-kamery-videonablyudeniya-hikvision-ID3Ukc9.html?reason=hp%7Cpromoted,"Ташкент, Яккасарайский район",14 июня 2025 г.
Akumlyator аккумулятор 35/40/50/60/75 ah срочная доставка 24/7 (1 год),267 042 сум,https://www.olx.uz/d/obyavlenie/akumlyator-akkumulyator-35-40-50-60-75-ah-srochnaya-dostavka-24-7-1-god-ID3z9OS.html?reason=hp%7Cpromoted,"Ташкент, Юнусабадский район",14 июня 2025 г.
Подарочни мошина Потаха ва Бешик туй авто хизмат,None,https://www.olx.uz/d/obyavlenie/podarochni-moshina-potaha-va-beshik-tuy-avto-hizmat-ID3howh.html?reason=hp%7Cpromoted,"Ташкент, Шайхантахурский район",Сегодня в 03:01
Русификация Byd deppal Leapmotor,None,https://www.olx.uz/d/obyavlenie/rusifikatsiya-byd-deppal-leapmotor-ID41GFv.html?reason=hp%7Cpromoted,"Ташкент, Шайхантахурский район",14 июня 2025 г.
Чистка кондиционеров карчером ПРОФЕССИОНАЛЬНО и АККУРАТНО,None,https://www.olx.uz/d/obyavlenie/chistka-konditsionerov-karcherom-professionalno-i-akkuratno-ID3mrpQ.html?reason=hp%7Cpromoted,"Ташкент, Юнусабадский район",14 июня 2025 г.
Korka xaladelnik metirbay sotiladi metiri shuncha,12 500 000 сум,https://www.olx.uz/d/obyavlenie/korka-xaladelnik-metirbay-sotiladi-metiri-shuncha-ID3O63F.html?reason=hp%7Cpromoted,Самарканд,Сегодня в 04:50
